{"centroids": [[0.8728888888888888, 0.17701149425287357, 0.2035714285714286], [0.16368421052631582, 0.1751361161524502, 0.19713345864661655], [0.08333333333333333, 0.36494252873563227, 0.2098214285714286], [0.16735632183908047, 0.7395957193816883, 0.17795566502463053], [0.39639639639639646, 0.20316868592730666, 0.18436293436293436], [0.14962962962962964, 0.665389527458493, 0.6216931216931216], [0.038604651162790694, 0.223336006415397, 0.5959302325581396], [0.03022222222222223, 0.16008359456635324, 0.19664502164502154], [0.2863157894736842, 0.19782214156079853, 0.6024436090225564], [0.6220289855072464, 0.12743628185907047, 0.2562111801242236]], "indices": [1, 5, 5, 7, 7, 2, 2, 7, 0, 1, 7, 4, 7, 8, 7, 6, 2, 6, 7, 7, 7, 8, 6, 7, 2, 7, 7, 7, 6, 6, 2, 1, 6, 6, 2, 3, 7, 1, 6, 7, 2, 7, 7, 4, 5, 7, 1, 5, 6, 1, 2, 7, 5, 4, 1, 5, 7, 5, 1, 3, 1, 4, 7, 4, 7, 5, 7, 6, 7, 1, 6, 7, 7, 7, 6, 4, 6, 2, 8, 6, 7, 7, 0, 5, 2, 6, 1, 2, 6, 7, 6, 7, 7, 7, 1, 7, 2, 7, 7, 8, 7, 5, 7, 7, 6, 7, 7, 7, 7, 2, 6, 7, 7, 2, 7, 2, 7, 6, 9, 6, 4, 6, 7, 7, 4, 4, 1, 6, 6, 1, 7, 9, 2, 7, 6, 2, 7, 7, 7, 1, 6, 2, 7, 6, 2, 1, 3, 7, 2, 5, 4, 8, 3, 4, 4, 3, 7, 7, 6, 1, 3, 6, 7, 6, 8, 8, 1, 6, 5, 7, 5, 2, 0, 7, 7, 9, 6, 6, 8, 7, 7, 6, 7, 6, 1, 4, 1, 1, 0, 7, 3, 6, 5, 7, 7, 7, 6, 4, 2, 6, 8, 7, 3, 1, 1, 4, 6, 1, 5, 9, 1, 9, 3, 1, 7, 6, 3, 3, 5, 1, 7, 1, 6, 1, 1, 7, 7, 4, 7, 5, 7, 7, 3, 6, 8, 4, 8, 1, 7, 6, 8, 9, 9, 7, 7, 0, 7, 6, 4, 9, 0, 7, 7, 7, 7, 6, 6, 7, 6, 2, 7, 7, 1, 4, 5, 2, 7, 5, 3, 1, 4, 6, 2, 6, 6, 7, 7, 3, 6, 7, 7, 7, 2, 2, 6, 1, 1, 1, 7, 2, 7, 5, 7, 4, 8, 7, 6, 1, 6, 8, 7, 4, 7, 6, 4, 6, 4, 2, 7, 2, 1, 6, 7, 7, 7, 7, 9, 0, 6, 7, 3, 2, 1, 9, 2, 7, 6, 7, 1, 3, 6, 2, 1, 9, 3, 8, 7, 1, 2, 9, 2, 7, 2, 2, 6, 4, 2, 6, 7, 2, 6, 7, 6, 6, 3, 4, 5, 1, 7, 1, 6, 2, 7, 4, 6, 2, 6, 1, 6, 7, 6, 6, 0, 6, 3, 7, 7, 2, 2, 3, 8, 4, 2, 0, 7, 0, 2, 1, 9, 7, 2, 7, 2, 6, 2, 4, 7, 7, 5, 6, 4, 7, 0, 9, 3, 7, 1, 4, 1, 5, 4, 1, 1, 7, 9, 6, 1, 7, 9, 3, 3, 1, 7, 1, 9, 7, 3, 2, 9, 2, 2, 1, 6, 7, 7, 2, 1, 6, 1, 1, 2, 7, 7, 7, 7, 7, 7, 6, 6, 5, 2, 1, 7, 9, 5, 1, 3, 7, 7, 1, 7, 2, 1, 5, 7, 4, 6, 2, 7, 1, 1, 1, 6, 7, 7, 4, 5, 9, 1, 1, 2, 7, 6, 6, 7, 7, 2, 1, 7, 2, 0, 1, 7, 1, 7, 4, 2, 2, 2, 7, 6, 2, 6, 2, 7, 1, 7, 7, 8, 0, 7, 7, 4, 2, 2, 7, 7, 7, 3, 3, 2, 9, 0, 7, 2, 1, 9, 1, 2, 7, 1, 3, 7, 4, 1, 2, 7, 1, 9, 0, 8, 2, 8, 3, 1, 7, 2, 6, 7], "centroids_sklearn": [[0.059932659932660004, 0.16091954022988508, 0.17712842712842708], [0.04945454545454547, 0.22758620689655173, 0.675], [0.731851851851852, 0.1484674329501916, 0.23859126984126983], [0.18047619047619048, 0.7413793103448276, 0.16326530612244897], [0.09059360730593607, 0.3552196504487482, 0.1964285714285714], [0.06419753086419751, 0.5964240102171137, 0.5575396825396826], [0.05677419354838713, 0.19632925472747498, 0.4245391705069124], [0.32380952380952377, 0.18472906403940886, 0.5943877551020408], [0.36640000000000006, 0.1868965517241379, 0.18535714285714283], [0.4066666666666667, 0.8103448275862069, 0.7142857142857142]], "indices_sklearn": [8, 9, 5, 0, 0, 4, 4, 0, 2, 0, 0, 8, 0, 7, 0, 1, 4, 1, 0, 0, 6, 7, 1, 0, 4, 0, 6, 0, 1, 1, 4, 0, 1, 1, 4, 3, 0, 8, 1, 6, 4, 0, 0, 8, 5, 0, 0, 5, 1, 0, 4, 0, 5, 8, 0, 5, 0, 5, 0, 3, 0, 8, 0, 8, 0, 5, 6, 1, 0, 0, 6, 0, 0, 0, 1, 8, 6, 4, 1, 6, 0, 6, 2, 5, 4, 1, 0, 4, 6, 0, 6, 0, 0, 0, 0, 0, 4, 0, 0, 6, 0, 5, 0, 0, 1, 0, 0, 0, 0, 6, 1, 0, 0, 4, 0, 4, 0, 1, 2, 6, 8, 6, 6, 0, 8, 8, 0, 1, 1, 0, 0, 2, 4, 0, 6, 4, 6, 0, 0, 4, 1, 4, 0, 1, 4, 0, 3, 0, 4, 5, 8, 7, 3, 8, 8, 3, 0, 0, 6, 0, 3, 1, 0, 5, 1, 1, 0, 1, 5, 0, 5, 5, 2, 0, 0, 2, 1, 6, 7, 0, 0, 1, 0, 6, 4, 8, 6, 0, 2, 0, 3, 6, 5, 6, 0, 0, 1, 8, 4, 6, 7, 0, 3, 0, 0, 8, 5, 0, 5, 2, 0, 2, 3, 8, 0, 6, 3, 3, 5, 0, 0, 0, 6, 0, 4, 0, 6, 8, 0, 9, 0, 6, 5, 1, 7, 8, 7, 0, 6, 6, 7, 2, 2, 0, 0, 2, 0, 6, 8, 8, 2, 0, 0, 0, 0, 1, 6, 0, 1, 4, 6, 0, 6, 8, 9, 4, 0, 5, 3, 0, 8, 1, 4, 6, 1, 0, 0, 3, 1, 6, 0, 0, 4, 4, 6, 0, 8, 0, 6, 4, 0, 9, 0, 8, 7, 0, 6, 6, 1, 7, 0, 8, 0, 1, 8, 6, 8, 4, 0, 4, 8, 6, 0, 0, 0, 0, 2, 2, 1, 0, 3, 4, 6, 2, 4, 0, 6, 0, 0, 3, 1, 4, 8, 2, 3, 7, 6, 0, 4, 2, 4, 0, 4, 4, 1, 8, 4, 6, 0, 4, 1, 0, 1, 6, 3, 8, 1, 0, 0, 0, 5, 4, 0, 8, 1, 4, 1, 0, 1, 0, 6, 6, 2, 6, 3, 0, 0, 4, 4, 3, 7, 8, 4, 2, 0, 2, 6, 6, 8, 0, 4, 0, 4, 1, 4, 8, 0, 0, 5, 1, 8, 0, 2, 2, 3, 0, 0, 8, 4, 5, 8, 0, 0, 0, 2, 1, 0, 0, 2, 3, 3, 0, 0, 0, 2, 0, 5, 4, 2, 4, 4, 0, 1, 0, 0, 4, 8, 6, 0, 6, 4, 0, 0, 0, 0, 0, 0, 1, 1, 9, 4, 0, 0, 2, 9, 0, 3, 0, 0, 0, 6, 4, 8, 5, 0, 8, 6, 4, 0, 6, 0, 0, 1, 0, 0, 8, 5, 2, 8, 0, 4, 0, 1, 6, 0, 0, 4, 0, 0, 4, 2, 8, 0, 4, 0, 8, 6, 4, 4, 0, 6, 4, 1, 4, 0, 0, 0, 0, 7, 2, 0, 0, 8, 5, 4, 0, 0, 6, 3, 3, 4, 2, 2, 0, 4, 4, 2, 8, 4, 0, 0, 3, 0, 3, 0, 4, 0, 0, 2, 2, 7, 4, 1, 3, 8, 6, 4, 1, 0]}